<?xml version="1.0" encoding="UTF-8"?><PolicyContent>
    <Policies>
        <Policy description="This policy applies vSphere Security Configuration Guide Risk Profile 1 for virtual machines" key="0da66ad6-639e-4c57-b02c-70c5ff0bfaf7" name="Policy for Virtual Machines - Risk Profile 1">
            <PackageSettings>
                <Alerts adapterKind="VMWARE" resourceKind="VirtualMachine">
                    <Alert enabled="true" id="AlertDefinition-VMWARE-VMViolateHardeningGuide6.5"/>
                </Alerts>
                <SuperMetrics adapterKind="ALL" resourceKind="All">
                    <SuperMetric enabled="false" id="0a5dbbc3-22f4-4d7e-8d36-dc3a5fc3c60a" kpiEnabled="false"/>
                </SuperMetrics>
            </PackageSettings>
        </Policy>
    </Policies>
    <alertContent>
        <AlertDefinitions>
            <AlertDefinition adapterKind="VMWARE" description="VMware vSphere Security Configuration Guide's Risk profile 1 provides guidelines that should be implemented in highest security environments for vSphere version 6.5. This virtual machine is violating one or more guidelines." disableInBasePolicy="true" id="AlertDefinition-VMWARE-VMViolateHardeningGuide6.5" name="Virtual Machine is violating Risk Profile 1 in VMware vSphere Security Configuration Guide for vSphere version 6.5" resourceKind="VirtualMachine" subType="21" type="16">
                <State severity="automatic">
                    <SymptomSet applyOn="self" operator="or">
                        <Symptom ref="SymptomDefinition-VMWARE-PciPassThroughConfiguredRP123"/>
                        <Symptom ref="SymptomDefinition-VMWARE-VMIntraMemTPSEnabledV6RP123"/>
                        <Symptom ref="SymptomDefinition-VMWARE-UseIndependentDisk"/>
                        <Symptom ref="SymptomDefinition-VMWARE-VMObtainInfoFromHost"/>
                        <Symptom ref="SymptomDefinition-VMWARE-ShrinkVirtualDiskNotDisabled"/>
                        <Symptom ref="SymptomDefinition-VMWARE-ConsolePasteNotDisabled"/>
                        <Symptom ref="SymptomDefinition-VMWARE-DvfilterAPIEnabled"/>
                        <Symptom ref="SymptomDefinition-VMWARE-NoncompliantMaxVMXSize"/>
                        <Symptom ref="SymptomDefinition-VMWARE-ConsoleVNCAccessNotDisabled"/>
                        <Symptom ref="SymptomDefinition-VMWARE-ConsoleCopyDisabled"/>
                        <Symptom ref="SymptomDefinition-VMWARE-ShrinkVDiskNotDisabled"/>
                        <Symptom ref="SymptomDefinition-VMWARE-VMDisableNonEssential3DFeatures"/>
                        <Symptom ref="SymptomDefinition-VMWARE-VMEnableVGAOnlyMode"/>
                        <Symptom ref="SymptomDefinition-VMWARE-Unity-WindowcontentsNotDisabled"/>
                        <Symptom ref="SymptomDefinition-VMWARE-Unity-InterlockNotDisabled"/>
                        <Symptom ref="SymptomDefinition-VMWARE-Unity-TaskbarNotDisabled"/>
                        <Symptom ref="SymptomDefinition-VMWARE-UnityNotDisabled"/>
                        <Symptom ref="SymptomDefinition-VMWARE-AutoLogonNotDisabled"/>
                        <Symptom ref="SymptomDefinition-VMWARE-MemsFssNotDisabled"/>
                        <Symptom ref="SymptomDefinition-VMWARE-VMConsoleGuiRP123"/>
                        <Symptom ref="SymptomDefinition-VMWARE-HGFSServerSetNotDisabled"/>
                        <Symptom ref="SymptomDefinition-VMWARE-TrayiconNotDisabled"/>
                        <Symptom ref="SymptomDefinition-VMWARE-VersionsetNotDisabled"/>
                        <Symptom ref="SymptomDefinition-VMWARE-ShellactionNotDisabled"/>
                        <Symptom ref="SymptomDefinition-VMWARE-UnityPushNotDisabled"/>
                        <Symptom ref="SymptomDefinition-VMWARE-VersiongetNotDisabled"/>
                        <Symptom ref="SymptomDefinition-VMWARE-ConsoleDragDropNotDisabled"/>
                        <Symptom ref="SymptomDefinition-VMWARE-Unity-UnityactiveNotDisabled"/>
                        <Symptom ref="SymptomDefinition-VMWARE-ProtocolhandlerNotDisabled"/>
                    </SymptomSet>
                    <Impact key="risk" type="badge"/>
                    <Recommendations>
                        <Recommendation priority="1" ref="Recommendation-df-VMWARE-FixHardeningViolations"/>
                    </Recommendations>
                </State>
            </AlertDefinition>
        </AlertDefinitions>
        <SymptomDefinitions>
            <SymptomDefinition adapterKind="VMWARE" disableInBasePolicy="true" id="SymptomDefinition-VMWARE-ConsoleDragDropNotDisabled" name="VM.disable-console-drag-n-drop - Copy/paste operations are activated" resourceKind="VirtualMachine">
                <State severity="warning">
                    <Condition key="config|security|disable_console_dnd" operator="=" thresholdType="static" type="property" value="false" valueType="string"/>
                </State>
            </SymptomDefinition>
            <SymptomDefinition adapterKind="VMWARE" disableInBasePolicy="true" id="SymptomDefinition-VMWARE-VersionsetNotDisabled" name="VM.disable-unexposed-features-versionset - Versionset feature is activated" resourceKind="VirtualMachine">
                <State severity="warning">
                    <Condition key="config|security|disable_unexposed_features_versionset" operator="=" thresholdType="static" type="property" value="false" valueType="string"/>
                </State>
            </SymptomDefinition>
            <SymptomDefinition adapterKind="VMWARE" disableInBasePolicy="true" id="SymptomDefinition-VMWARE-ConsolePasteNotDisabled" name="VM.disable-console-paste - Copy/paste operations are activated" resourceKind="VirtualMachine">
                <State severity="warning">
                    <Condition key="config|security|disable_console_paste" operator="=" thresholdType="static" type="property" value="false" valueType="string"/>
                </State>
            </SymptomDefinition>
            <SymptomDefinition adapterKind="VMWARE" disableInBasePolicy="true" id="SymptomDefinition-VMWARE-ConsoleVNCAccessNotDisabled" name="VM.minimize-console-VNC-use - Access to VM console is not controlled via VNC protocol" resourceKind="VirtualMachine">
                <State severity="warning">
                    <Condition key="config|security|enable_console_VNC" operator="=" thresholdType="static" type="property" value="true" valueType="string"/>
                </State>
            </SymptomDefinition>
            <SymptomDefinition adapterKind="VMWARE" disableInBasePolicy="true" id="SymptomDefinition-VMWARE-UseIndependentDisk" name="VM.disable-independent-nonpersistent - Independent nonpersistent disks are being used" resourceKind="VirtualMachine">
                <State severity="warning">
                    <Condition key="config|security|disable_independent_nonpersistent" operator="=" thresholdType="static" type="property" value="false" valueType="string"/>
                </State>
            </SymptomDefinition>
            <SymptomDefinition adapterKind="VMWARE" disableInBasePolicy="true" id="SymptomDefinition-VMWARE-ShellactionNotDisabled" name="VM.disable-unexposed-features-shellaction - Shellaction is activated" resourceKind="VirtualMachine">
                <State severity="warning">
                    <Condition key="config|security|disable_unexposed_features_shellaction" operator="=" thresholdType="static" type="property" value="false" valueType="string"/>
                </State>
            </SymptomDefinition>
            <SymptomDefinition adapterKind="VMWARE" disableInBasePolicy="true" id="SymptomDefinition-VMWARE-MemsFssNotDisabled" name="VM.disable-unexposed-features-memsfss - Memsfss feature is activated" resourceKind="VirtualMachine">
                <State severity="warning">
                    <Condition key="config|security|disable_unexposed_features_memsfss" operator="=" thresholdType="static" type="property" value="false" valueType="string"/>
                </State>
            </SymptomDefinition>
            <SymptomDefinition adapterKind="VMWARE" disableInBasePolicy="true" id="SymptomDefinition-VMWARE-VMIntraMemTPSEnabledV6RP123" name="VM.TransparentPageSharing-inter-VM-Enabled - Inter VM Transparent Page Sharing is Enabled" resourceKind="VirtualMachine">
                <State severity="warning">
                    <Condition key="config|extraConfig|mem_tps_share" operator="=" thresholdType="static" type="property" value="true" valueType="string"/>
                </State>
            </SymptomDefinition>
            <SymptomDefinition adapterKind="VMWARE" disableInBasePolicy="true" id="SymptomDefinition-VMWARE-AutoLogonNotDisabled" name="VM.disable-unexposed-features-autologon - Autologon feature is activated" resourceKind="VirtualMachine">
                <State severity="warning">
                    <Condition key="config|security|disable_unexposed_features_autologon" operator="=" thresholdType="static" type="property" value="false" valueType="string"/>
                </State>
            </SymptomDefinition>
            <SymptomDefinition adapterKind="VMWARE" disableInBasePolicy="true" id="SymptomDefinition-VMWARE-ProtocolhandlerNotDisabled" name="VM.disable-unexposed-features-protocolhandler - Protocolhandler feature is activated" resourceKind="VirtualMachine">
                <State severity="warning">
                    <Condition key="config|security|disable_unexposed_features_protocolhandler" operator="=" thresholdType="static" type="property" value="false" valueType="string"/>
                </State>
            </SymptomDefinition>
            <SymptomDefinition adapterKind="VMWARE" disableInBasePolicy="true" id="SymptomDefinition-VMWARE-NoncompliantMaxVMXSize" name="VM.limit-setinfo-size - Informational messages from the VM to the VMX file are not limited" resourceKind="VirtualMachine">
                <State severity="warning">
                    <Condition key="config|security|limit_setinfo_size" operator="&gt;" thresholdType="static" type="property" value="1048576.0" valueType="numeric"/>
                </State>
            </SymptomDefinition>
            <SymptomDefinition adapterKind="VMWARE" disableInBasePolicy="true" id="SymptomDefinition-VMWARE-VMDisableNonEssential3DFeatures" name="VM.disable-non-essential-3D-features Configure system security parameters - Deactivate 3D features on Server and desktop virtual machines" resourceKind="VirtualMachine">
                <State severity="warning">
                    <Condition key="config|security|enable_non_essential_3D_features" operator="=" thresholdType="static" type="property" value="true" valueType="string"/>
                </State>
            </SymptomDefinition>
            <SymptomDefinition adapterKind="VMWARE" disableInBasePolicy="true" id="SymptomDefinition-VMWARE-UnityPushNotDisabled" name="VM.disable-unexposed-features-unitypush - Unity push feature is activated" resourceKind="VirtualMachine">
                <State severity="warning">
                    <Condition key="config|security|disable_unexposed_features_unitypush" operator="=" thresholdType="static" type="property" value="false" valueType="string"/>
                </State>
            </SymptomDefinition>
            <SymptomDefinition adapterKind="VMWARE" disableInBasePolicy="true" id="SymptomDefinition-VMWARE-ConsoleCopyDisabled" name="VM.disable-console-copy - Copy/paste operations are activated" resourceKind="VirtualMachine">
                <State severity="warning">
                    <Condition key="config|security|disable_console_copy" operator="=" thresholdType="static" type="property" value="false" valueType="string"/>
                </State>
            </SymptomDefinition>
            <SymptomDefinition adapterKind="VMWARE" disableInBasePolicy="true" id="SymptomDefinition-VMWARE-VMEnableVGAOnlyMode" name="VM.Enable-VGA-Only-Mode Configure system security parameters - Deactivate all but VGA mode on specific virtual machines" resourceKind="VirtualMachine">
                <State severity="warning">
                    <Condition key="config|security|enable_vga_only_mode" operator="=" thresholdType="static" type="property" value="true" valueType="string"/>
                </State>
            </SymptomDefinition>
            <SymptomDefinition adapterKind="VMWARE" disableInBasePolicy="true" id="SymptomDefinition-VMWARE-VMConsoleGuiRP123" name="VM.disable-console-gui-options - Copy/paste operations are activated" resourceKind="VirtualMachine">
                <State severity="warning">
                    <Condition key="config|security|enable_console_gui_options" operator="=" thresholdType="static" type="property" value="true" valueType="string"/>
                </State>
            </SymptomDefinition>
            <SymptomDefinition adapterKind="VMWARE" disableInBasePolicy="true" id="SymptomDefinition-VMWARE-DvfilterAPIEnabled" name="VM.verify-network-filter - Access to VMs are not controlled through dvfilter network APIs" resourceKind="VirtualMachine">
                <State severity="warning">
                    <Condition key="config|security|network_filter_enable" operator="=" thresholdType="static" type="property" value="true" valueType="string"/>
                </State>
            </SymptomDefinition>
            <SymptomDefinition adapterKind="VMWARE" disableInBasePolicy="true" id="SymptomDefinition-VMWARE-ShrinkVDiskNotDisabled" name="VM.disable-disk-shrinking-shrink - Virtual disk shrinking is activated" resourceKind="VirtualMachine">
                <State severity="warning">
                    <Condition key="config|security|disable_disk_shrinking_shrink" operator="=" thresholdType="static" type="property" value="false" valueType="string"/>
                </State>
            </SymptomDefinition>
            <SymptomDefinition adapterKind="VMWARE" disableInBasePolicy="true" id="SymptomDefinition-VMWARE-PciPassThroughConfiguredRP123" name="VM.verify-PCI-Passthrough - PCI pass through device is configured on the virtual machine" resourceKind="VirtualMachine">
                <State severity="warning">
                    <Condition key="config|security|pci_device_configured" operator="=" thresholdType="static" type="property" value="true" valueType="string"/>
                </State>
            </SymptomDefinition>
            <SymptomDefinition adapterKind="VMWARE" disableInBasePolicy="true" id="SymptomDefinition-VMWARE-VMObtainInfoFromHost" name="VM.restrict-host-info - Guests can recieve host information" resourceKind="VirtualMachine">
                <State severity="warning">
                    <Condition key="config|security|enable_host_info" operator="=" thresholdType="static" type="property" value="true" valueType="string"/>
                </State>
            </SymptomDefinition>
            <SymptomDefinition adapterKind="VMWARE" disableInBasePolicy="true" id="SymptomDefinition-VMWARE-TrayiconNotDisabled" name="VM.disable-unexposed-features-trayicon - Tray icon feature is activated" resourceKind="VirtualMachine">
                <State severity="warning">
                    <Condition key="config|security|disable_unexposed_features_trayicon" operator="=" thresholdType="static" type="property" value="false" valueType="string"/>
                </State>
            </SymptomDefinition>
            <SymptomDefinition adapterKind="VMWARE" disableInBasePolicy="true" id="SymptomDefinition-VMWARE-Unity-WindowcontentsNotDisabled" name="VM.disable-unexposed-features-unity-windowcontents - Unity window contents is activated" resourceKind="VirtualMachine">
                <State severity="warning">
                    <Condition key="config|security|disable_unexposed_features_unity_windowcontents" operator="=" thresholdType="static" type="property" value="false" valueType="string"/>
                </State>
            </SymptomDefinition>
            <SymptomDefinition adapterKind="VMWARE" disableInBasePolicy="true" id="SymptomDefinition-VMWARE-ShrinkVirtualDiskNotDisabled" name="VM.disable-disk-shrinking-wiper - Virtual disk shrinking is activated" resourceKind="VirtualMachine">
                <State severity="warning">
                    <Condition key="config|security|disable_disk_shrinking_wiper" operator="=" thresholdType="static" type="property" value="false" valueType="string"/>
                </State>
            </SymptomDefinition>
            <SymptomDefinition adapterKind="VMWARE" disableInBasePolicy="true" id="SymptomDefinition-VMWARE-VersiongetNotDisabled" name="VM.disable-unexposed-features-versionget - version get feature is activated" resourceKind="VirtualMachine">
                <State severity="warning">
                    <Condition key="config|security|disable_unexposed_features_versionget" operator="=" thresholdType="static" type="property" value="false" valueType="string"/>
                </State>
            </SymptomDefinition>
            <SymptomDefinition adapterKind="VMWARE" disableInBasePolicy="true" id="SymptomDefinition-VMWARE-HGFSServerSetNotDisabled" name="VM.disable-hgfs - HGFS file transfers are activated" resourceKind="VirtualMachine">
                <State severity="warning">
                    <Condition key="config|security|disable_hgfs" operator="=" thresholdType="static" type="property" value="false" valueType="string"/>
                </State>
            </SymptomDefinition>
            <SymptomDefinition adapterKind="VMWARE" disableInBasePolicy="true" id="SymptomDefinition-VMWARE-Unity-UnityactiveNotDisabled" name="VM.disable-unexposed-features-unity-unityactive - Unity feature is activated" resourceKind="VirtualMachine">
                <State severity="warning">
                    <Condition key="config|security|disable_unexposed_features_unity_unityactive" operator="!=" thresholdType="static" type="property" value="true" valueType="string"/>
                </State>
            </SymptomDefinition>
            <SymptomDefinition adapterKind="VMWARE" disableInBasePolicy="true" id="SymptomDefinition-VMWARE-Unity-TaskbarNotDisabled" name="VM.disable-unexposed-features-unity-taskbar - Unity taskbar feature is activated" resourceKind="VirtualMachine">
                <State severity="warning">
                    <Condition key="config|security|disable_unexposed_features_unity_taskbar" operator="=" thresholdType="static" type="property" value="false" valueType="string"/>
                </State>
            </SymptomDefinition>
            <SymptomDefinition adapterKind="VMWARE" disableInBasePolicy="true" id="SymptomDefinition-VMWARE-UnityNotDisabled" name="VM.disable-unexposed-features-unity - Unity feature is activated" resourceKind="VirtualMachine">
                <State severity="warning">
                    <Condition key="config|security|disable_unexposed_features_unity" operator="=" thresholdType="static" type="property" value="false" valueType="string"/>
                </State>
            </SymptomDefinition>
            <SymptomDefinition adapterKind="VMWARE" disableInBasePolicy="true" id="SymptomDefinition-VMWARE-Unity-InterlockNotDisabled" name="VM.disable-unexposed-features-unity-interlock - Unity Interlock is activated" resourceKind="VirtualMachine">
                <State severity="warning">
                    <Condition key="config|security|disable_unexposed_features_unity_interlock" operator="=" thresholdType="static" type="property" value="false" valueType="string"/>
                </State>
            </SymptomDefinition>
        </SymptomDefinitions>
        <Recommendations>
            <Recommendation key="Recommendation-df-VMWARE-FixHardeningViolations">
                <Description>Fix the vSphere Security Configuration Guide Rules Violations according to the recommendations available at &lt;a href="http://www.vmware.com/security/hardening-guides.html" target="_blank"&gt;vSphere Security Configuration Guide&lt;/a&gt;.</Description>
            </Recommendation>
        </Recommendations>
    </alertContent>
    <superMetrics>
        <superMetric description="" modificationTime="1767779339539" modifiedBy="50d2bb5e-2ae4-4f71-8b35-48a48b456edb" name="Group CPU Average" unitId="" uuid="0a5dbbc3-22f4-4d7e-8d36-dc3a5fc3c60a">
            <formula>avg(${adaptertype=VMWARE, objecttype=VirtualMachine, attribute=cpu|usage_average, depth=1})</formula>
            <resourceKinds>
                <resourceKinds adapterKindKey="Container" resourceKindKey="AutoScaleGroup"/>
            </resourceKinds>
        </superMetric>
    </superMetrics>
</PolicyContent>
